文章标题,分类,作者,文章地址
[北京] 下厨房招聘 iOS 工程师，千万用户等你来服务,酷工作,gfreezy,https://www.v2ex.com/t/465882#reply1
[望京]DApp 世界的一张船票你要不要？来一起把区块链技术带入主流,酷工作,dappreview,https://www.v2ex.com/t/465196#reply16
你们生活中有没有遇到过这样的人？,程序员,jeanbolee,https://www.v2ex.com/t/465893#reply15
从一份配置清单详解 Nginx 服务器配置,程序员,hansonwang99,https://www.v2ex.com/t/465840#reply58
使用支付宝坐公交车没有真正扣钱，我要不要继续坐下去？,程序员,zjsxwc,https://www.v2ex.com/t/465919#reply13
看见一个新出的 react 的后台框架,程序员,lolizeppelin,https://www.v2ex.com/t/465927#reply1
老司机都懂的磁链搜索站属不属于涉 H？,程序员,flashrick,https://www.v2ex.com/t/465920#reply15
换了 VIVO NEX 说点感想,Android,razios,https://www.v2ex.com/t/465908#reply15
花了一个月时间来了一波新疆自驾游,旅行,imherer,https://www.v2ex.com/t/465909#reply4
提问!,酷工作,liulong,https://www.v2ex.com/t/465925#reply6
安卓手机什么浏览器比较好用？,Android,razios,https://www.v2ex.com/t/465799#reply49
[远程] [苏州] 每天工作四小时，睡到自然醒，深度参与有挑战的项目，体面地挣钱，来加入这家很新很小的公司吧！,酷工作,unstop,https://www.v2ex.com/t/465613#reply79
被视觉中国发侵权律师函了，求助,问与答,ryan1991,https://www.v2ex.com/t/465854#reply43
sf.gg 又 GG 了吗？,问与答,bipeng0405,https://www.v2ex.com/t/465911#reply2
[高考志愿]想问下华科计算机专业在贵州招生的情况。,问与答,iVeego,https://www.v2ex.com/t/465931#reply0
[深圳] 招聘前端工程师、 Java 工程师、全栈工程师，年薪 36W 起,酷工作,catdroid,https://www.v2ex.com/t/465930#reply0
小调查：你们的百度云盘没有会员的情况下，下载速度是多少？,互联网,Phishion,https://www.v2ex.com/t/465917#reply1
上海/杭州-18 届-运维/开发/后端-py/go 想找个合适的,求职,abmin521,https://www.v2ex.com/t/465923#reply1
有人知道 ppt 怎么转 flash 吗？带动画效果的,问与答,void1900,https://www.v2ex.com/t/465929#reply0
小米 USB-C 电源适配器 45W 和 网易智造 USB-C 电源适配器（65W）哪个好？,MacBook Pro,LeungJZ,https://www.v2ex.com/t/465872#reply14
除了采用 iCloud，如何同步两台 Mac 电脑,iCloud,luomanking,https://www.v2ex.com/t/465879#reply10
企业微信跪了吗,微信,snowwalf,https://www.v2ex.com/t/465924#reply1
AirPods 耳机在与 Macbook pro 连接时音质很差是什么清苦？,macOS,cocoking,https://www.v2ex.com/t/465855#reply9
北京联通上门来看宽带使用情况，大家遇到过吗,宽带症候群,loveour,https://www.v2ex.com/t/465876#reply24
最近正准备转型大数据方向，很好奇大数据码农们的日常工作都是干什么的？,程序员,sunzhenyucn,https://www.v2ex.com/t/465884#reply10
一杯 xx 猴姑米稀的成本到底是多少？,问与答,love8,https://www.v2ex.com/t/465859#reply17
独显 MBP 外接显示器时，风扇狂转的问题如何解决？,MacBook Pro,lululau,https://www.v2ex.com/t/465894#reply5
工作之后，大家有没有什么系统性提升的方法和路径,程序员,pythonee,https://www.v2ex.com/t/465808#reply14
弱弱的问，有没有辞职考研的 V 友,程序员,ayyll,https://www.v2ex.com/t/465763#reply61
西部世界吐槽型思考,分享发现,fandango,https://www.v2ex.com/t/465830#reply16
变得不再参与网路上的讨论，你们也是吗？,问与答,des,https://www.v2ex.com/t/465845#reply57
vultr 的 ip 全部阵亡了？,宽带症候群,cstj0505,https://www.v2ex.com/t/465685#reply101
git 修改远程仓库疑问,git,SergeGao,https://www.v2ex.com/t/465863#reply5
有个.co 米，还用的着再把.io 拿下来吗？,问与答,Adminmaster,https://www.v2ex.com/t/465898#reply1
德资公司 [前端工程师] 坐标上海，真的不加班，无工作经验限制， 10-20K,酷工作,Vauman,https://www.v2ex.com/t/464646#reply13
Dota 2 被攻陷！ OpenAI 人工智能 5V5 模式击败人类玩家（4000 分水平）,DotA,ballshapesdsd,https://www.v2ex.com/t/465860#reply24
最好用的输入法 推荐一下,问与答,yuJianJian,https://www.v2ex.com/t/465858#reply30
如何查看一个网站开办时间?,问与答,Newyorkcity,https://www.v2ex.com/t/465912#reply1
能帮忙看看这个函数怎么写吗？,前端开发,Martin9,https://www.v2ex.com/t/465878#reply5
MBP 外接显示器字体模糊问题,Apple,bilberry,https://www.v2ex.com/t/465921#reply0
成都在城市建设方面是否已经全国第一了？,成都,vallley,https://www.v2ex.com/t/465796#reply45
京东云的活动提前结束了？,京东,forestyuan,https://www.v2ex.com/t/465916#reply0
哎， Windows 7 终究还是成为了 XP！你怎么看？,分享发现,yrzx404,https://www.v2ex.com/t/465803#reply34
杭州电信目前分配的 Ip 是公网 IP 吗,宽带症候群,Daylight1993,https://www.v2ex.com/t/465906#reply1
弱弱的问下， 69.51.x.x 段,程序员,mdos,https://www.v2ex.com/t/465874#reply1
移动端上 Backspace 键 Rethought,分享发现,fenx,https://www.v2ex.com/t/465905#reply1
win7 的系统大家如何清理各种垃圾和缓存之类的文件？,程序员,bannychen,https://www.v2ex.com/t/465848#reply10
Bandwagon Host 是不是服务器集体沦陷？,宽带症候群,CSGO,https://www.v2ex.com/t/465595#reply110
刚刚看到个帖子，不知道是真是假，如果是真的就~~,程序员,mushan099,https://www.v2ex.com/t/465817#reply37
大家有没有感觉一段实际在技术上进入平台期,职场话题,iwaifor,https://www.v2ex.com/t/465907#reply1
[杭州滨江] [PingPong 金融] 招聘 Java 高级工程师,酷工作,jeffreyji,https://www.v2ex.com/t/465915#reply0
[上海] Baopals 招聘前端工程师(React + Redux),酷工作,EricKoh,https://www.v2ex.com/t/465914#reply0
如何搭建一个视频直播服务器,程序员,liu826250634,https://www.v2ex.com/t/465889#reply5
怎么删掉自己的老帖子,问与答,coderykw,https://www.v2ex.com/t/465913#reply0
有什么好的电视剧推荐吗？,问与答,male110,https://www.v2ex.com/t/465852#reply15
